
[ {
  "origen" : {
    "productor" : "Agencia Estatal de Meteorología - AEMET. Gobierno de España",
    "web" : "https://www.aemet.es",
    "enlace" : "https://www.aemet.es/es/eltiempo/prediccion/municipios/castrillon-piedrasblancas-id33016",
    "language" : "es",
    "copyright" : "© AEMET. Autorizado el uso de la información y su reproducción citando a AEMET como autora de la misma.",
    "notaLegal" : "https://www.aemet.es/es/nota_legal"
  },
  "elaborado" : "2023-12-10T13:05:48",
  "nombre" : "Castrillón",
  "provincia" : "Asturias",
  "prediccion" : {
    "dia" : [ {
      "probPrecipitacion" : [ {
        "value" : 0,
        "periodo" : "00-24"
      }, {
        "value" : 0,
        "periodo" : "00-12"
      }, {
        "value" : 0,
        "periodo" : "12-24"
      }, {
        "value" : 0,
        "periodo" : "00-06"
      }, {
        "value" : 0,
        "periodo" : "06-12"
      }, {
        "value" : 0,
        "periodo" : "12-18"
      }, {
        "value" : 0,
        "periodo" : "18-24"
      } ],
      "cotaNieveProv" : [ {
        "value" : "",
        "periodo" : "00-24"
      }, {
        "value" : "",
        "periodo" : "00-12"
      }, {
        "value" : "",
        "periodo" : "12-24"
      }, {
        "value" : "",
        "periodo" : "00-06"
      }, {
        "value" : "",
        "periodo" : "06-12"
      }, {
        "value" : "",
        "periodo" : "12-18"
      }, {
        "value" : "",
        "periodo" : "18-24"
      } ],
      "estadoCielo" : [ {
        "value" : "",
        "periodo" : "00-24",
        "descripcion" : ""
      }, {
        "value" : "",
        "periodo" : "00-12",
        "descripcion" : ""
      }, {
        "value" : "17",
        "periodo" : "12-24",
        "descripcion" : "Nubes altas"
      }, {
        "value" : "",
        "periodo" : "00-06",
        "descripcion" : ""
      }, {
        "value" : "17",
        "periodo" : "06-12",
        "descripcion" : "Nubes altas"
      }, {
        "value" : "17",
        "periodo" : "12-18",
        "descripcion" : "Nubes altas"
      }, {
        "value" : "17n",
        "periodo" : "18-24",
        "descripcion" : "Nubes altas"
      } ],
      "viento" : [ {
        "direccion" : "",
        "velocidad" : 0,
        "periodo" : "00-24"
      }, {
        "direccion" : "",
        "velocidad" : 0,
        "periodo" : "00-12"
      }, {
        "direccion" : "O",
        "velocidad" : 15,
        "periodo" : "12-24"
      }, {
        "direccion" : "S",
        "velocidad" : 5,
        "periodo" : "00-06"
      }, {
        "direccion" : "O",
        "velocidad" : 15,
        "periodo" : "06-12"
      }, {
        "direccion" : "O",
        "velocidad" : 10,
        "periodo" : "12-18"
      }, {
        "direccion" : "O",
        "velocidad" : 10,
        "periodo" : "18-24"
      } ],
      "rachaMax" : [ {
        "value" : "",
        "periodo" : "00-24"
      }, {
        "value" : "",
        "periodo" : "00-12"
      }, {
        "value" : "",
        "periodo" : "12-24"
      }, {
        "value" : "",
        "periodo" : "00-06"
      }, {
        "value" : "",
        "periodo" : "06-12"
      }, {
        "value" : "",
        "periodo" : "12-18"
      }, {
        "value" : "",
        "periodo" : "18-24"
      } ],
      "temperatura" : {
        "maxima" : 20,
        "minima" : 13,
        "dato" : [ {
          "value" : 15,
          "hora" : 6
        }, {
          "value" : 19,
          "hora" : 12
        }, {
          "value" : 16,
          "hora" : 18
        }, {
          "value" : 17,
          "hora" : 24
        } ]
      },
      "sensTermica" : {
        "maxima" : 20,
        "minima" : 13,
        "dato" : [ {
          "value" : 15,
          "hora" : 6
        }, {
          "value" : 19,
          "hora" : 12
        }, {
          "value" : 16,
          "hora" : 18
        }, {
          "value" : 17,
          "hora" : 24
        } ]
      },
      "humedadRelativa" : {
        "maxima" : 90,
        "minima" : 70,
        "dato" : [ {
          "value" : 90,
          "hora" : 6
        }, {
          "value" : 70,
          "hora" : 12
        }, {
          "value" : 75,
          "hora" : 18
        }, {
          "value" : 70,
          "hora" : 24
        } ]
      },
      "uvMax" : 1,
      "fecha" : "2023-12-10T00:00:00"
    }, {
      "probPrecipitacion" : [ {
        "value" : 25,
        "periodo" : "00-24"
      }, {
        "value" : 10,
        "periodo" : "00-12"
      }, {
        "value" : 20,
        "periodo" : "12-24"
      }, {
        "value" : 5,
        "periodo" : "00-06"
      }, {
        "value" : 10,
        "periodo" : "06-12"
      }, {
        "value" : 10,
        "periodo" : "12-18"
      }, {
        "value" : 20,
        "periodo" : "18-24"
      } ],
      "cotaNieveProv" : [ {
        "value" : "2300",
        "periodo" : "00-24"
      }, {
        "value" : "",
        "periodo" : "00-12"
      }, {
        "value" : "2300",
        "periodo" : "12-24"
      }, {
        "value" : "",
        "periodo" : "00-06"
      }, {
        "value" : "",
        "periodo" : "06-12"
      }, {
        "value" : "",
        "periodo" : "12-18"
      }, {
        "value" : "2300",
        "periodo" : "18-24"
      } ],
      "estadoCielo" : [ {
        "value" : "13",
        "periodo" : "00-24",
        "descripcion" : "Intervalos nubosos"
      }, {
        "value" : "13",
        "periodo" : "00-12",
        "descripcion" : "Intervalos nubosos"
      }, {
        "value" : "13",
        "periodo" : "12-24",
        "descripcion" : "Intervalos nubosos"
      }, {
        "value" : "17n",
        "periodo" : "00-06",
        "descripcion" : "Nubes altas"
      }, {
        "value" : "13",
        "periodo" : "06-12",
        "descripcion" : "Intervalos nubosos"
      }, {
        "value" : "13",
        "periodo" : "12-18",
        "descripcion" : "Intervalos nubosos"
      }, {
        "value" : "15n",
        "periodo" : "18-24",
        "descripcion" : "Muy nuboso"
      } ],
      "viento" : [ {
        "direccion" : "O",
        "velocidad" : 15,
        "periodo" : "00-24"
      }, {
        "direccion" : "SO",
        "velocidad" : 15,
        "periodo" : "00-12"
      }, {
        "direccion" : "O",
        "velocidad" : 15,
        "periodo" : "12-24"
      }, {
        "direccion" : "SO",
        "velocidad" : 15,
        "periodo" : "00-06"
      }, {
        "direccion" : "O",
        "velocidad" : 15,
        "periodo" : "06-12"
      }, {
        "direccion" : "C",
        "velocidad" : 0,
        "periodo" : "12-18"
      }, {
        "direccion" : "C",
        "velocidad" : 0,
        "periodo" : "18-24"
      } ],
      "rachaMax" : [ {
        "value" : "",
        "periodo" : "00-24"
      }, {
        "value" : "",
        "periodo" : "00-12"
      }, {
        "value" : "",
        "periodo" : "12-24"
      }, {
        "value" : "",
        "periodo" : "00-06"
      }, {
        "value" : "",
        "periodo" : "06-12"
      }, {
        "value" : "",
        "periodo" : "12-18"
      }, {
        "value" : "",
        "periodo" : "18-24"
      } ],
      "temperatura" : {
        "maxima" : 21,
        "minima" : 12,
        "dato" : [ {
          "value" : 15,
          "hora" : 6
        }, {
          "value" : 20,
          "hora" : 12
        }, {
          "value" : 16,
          "hora" : 18
        }, {
          "value" : 14,
          "hora" : 24
        } ]
      },
      "sensTermica" : {
        "maxima" : 21,
        "minima" : 12,
        "dato" : [ {
          "value" : 15,
          "hora" : 6
        }, {
          "value" : 20,
          "hora" : 12
        }, {
          "value" : 16,
          "hora" : 18
        }, {
          "value" : 14,
          "hora" : 24
        } ]
      },
      "humedadRelativa" : {
        "maxima" : 85,
        "minima" : 60,
        "dato" : [ {
          "value" : 70,
          "hora" : 6
        }, {
          "value" : 65,
          "hora" : 12
        }, {
          "value" : 75,
          "hora" : 18
        }, {
          "value" : 80,
          "hora" : 24
        } ]
      },
      "uvMax" : 1,
      "fecha" : "2023-12-11T00:00:00"
    }, {
      "probPrecipitacion" : [ {
        "value" : 100,
        "periodo" : "00-24"
      }, {
        "value" : 100,
        "periodo" : "00-12"
      }, {
        "value" : 50,
        "periodo" : "12-24"
      } ],
      "cotaNieveProv" : [ {
        "value" : "2000",
        "periodo" : "00-24"
      }, {
        "value" : "2300",
        "periodo" : "00-12"
      }, {
        "value" : "1700",
        "periodo" : "12-24"
      } ],
      "estadoCielo" : [ {
        "value" : "25",
        "periodo" : "00-24",
        "descripcion" : "Muy nuboso con lluvia"
      }, {
        "value" : "26",
        "periodo" : "00-12",
        "descripcion" : "Cubierto con lluvia"
      }, {
        "value" : "24",
        "periodo" : "12-24",
        "descripcion" : "Nuboso con lluvia"
      } ],
      "viento" : [ {
        "direccion" : "SO",
        "velocidad" : 10,
        "periodo" : "00-24"
      }, {
        "direccion" : "SO",
        "velocidad" : 10,
        "periodo" : "00-12"
      }, {
        "direccion" : "O",
        "velocidad" : 20,
        "periodo" : "12-24"
      } ],
      "rachaMax" : [ {
        "value" : "",
        "periodo" : "00-24"
      }, {
        "value" : "",
        "periodo" : "00-12"
      }, {
        "value" : "",
        "periodo" : "12-24"
      } ],
      "temperatura" : {
        "maxima" : 17,
        "minima" : 11,
        "dato" : [ ]
      },
      "sensTermica" : {
        "maxima" : 17,
        "minima" : 11,
        "dato" : [ ]
      },
      "humedadRelativa" : {
        "maxima" : 100,
        "minima" : 70,
        "dato" : [ ]
      },
      "uvMax" : 1,
      "fecha" : "2023-12-12T00:00:00"
    }, {
      "probPrecipitacion" : [ {
        "value" : 100,
        "periodo" : "00-24"
      }, {
        "value" : 80,
        "periodo" : "00-12"
      }, {
        "value" : 100,
        "periodo" : "12-24"
      } ],
      "cotaNieveProv" : [ {
        "value" : "1200",
        "periodo" : "00-24"
      }, {
        "value" : "1300",
        "periodo" : "00-12"
      }, {
        "value" : "1200",
        "periodo" : "12-24"
      } ],
      "estadoCielo" : [ {
        "value" : "24",
        "periodo" : "00-24",
        "descripcion" : "Nuboso con lluvia"
      }, {
        "value" : "52",
        "periodo" : "00-12",
        "descripcion" : "Nuboso con tormenta"
      }, {
        "value" : "25",
        "periodo" : "12-24",
        "descripcion" : "Muy nuboso con lluvia"
      } ],
      "viento" : [ {
        "direccion" : "O",
        "velocidad" : 30,
        "periodo" : "00-24"
      }, {
        "direccion" : "O",
        "velocidad" : 30,
        "periodo" : "00-12"
      }, {
        "direccion" : "O",
        "velocidad" : 30,
        "periodo" : "12-24"
      } ],
      "rachaMax" : [ {
        "value" : "60",
        "periodo" : "00-24"
      }, {
        "value" : "60",
        "periodo" : "00-12"
      }, {
        "value" : "60",
        "periodo" : "12-24"
      } ],
      "temperatura" : {
        "maxima" : 13,
        "minima" : 9,
        "dato" : [ ]
      },
      "sensTermica" : {
        "maxima" : 13,
        "minima" : 9,
        "dato" : [ ]
      },
      "humedadRelativa" : {
        "maxima" : 85,
        "minima" : 65,
        "dato" : [ ]
      },
      "uvMax" : 1,
      "fecha" : "2023-12-13T00:00:00"
    }, {
      "probPrecipitacion" : [ {
        "value" : 95
      } ],
      "cotaNieveProv" : [ {
        "value" : "1300"
      } ],
      "estadoCielo" : [ {
        "value" : "25",
        "descripcion" : "Muy nuboso con lluvia"
      } ],
      "viento" : [ {
        "direccion" : "NO",
        "velocidad" : 10
      } ],
      "rachaMax" : [ {
        "value" : ""
      } ],
      "temperatura" : {
        "maxima" : 14,
        "minima" : 9,
        "dato" : [ ]
      },
      "sensTermica" : {
        "maxima" : 14,
        "minima" : 9,
        "dato" : [ ]
      },
      "humedadRelativa" : {
        "maxima" : 80,
        "minima" : 65,
        "dato" : [ ]
      },
      "uvMax" : 1,
      "fecha" : "2023-12-14T00:00:00"
    }, {
      "probPrecipitacion" : [ {
        "value" : 25
      } ],
      "cotaNieveProv" : [ {
        "value" : "1400"
      } ],
      "estadoCielo" : [ {
        "value" : "13",
        "descripcion" : "Intervalos nubosos"
      } ],
      "viento" : [ {
        "direccion" : "E",
        "velocidad" : 5
      } ],
      "rachaMax" : [ {
        "value" : ""
      } ],
      "temperatura" : {
        "maxima" : 15,
        "minima" : 7,
        "dato" : [ ]
      },
      "sensTermica" : {
        "maxima" : 15,
        "minima" : 7,
        "dato" : [ ]
      },
      "humedadRelativa" : {
        "maxima" : 95,
        "minima" : 80,
        "dato" : [ ]
      },
      "fecha" : "2023-12-15T00:00:00"
    }, {
      "probPrecipitacion" : [ {
        "value" : 0
      } ],
      "cotaNieveProv" : [ {
        "value" : ""
      } ],
      "estadoCielo" : [ {
        "value" : "11",
        "descripcion" : "Despejado"
      } ],
      "viento" : [ {
        "direccion" : "E",
        "velocidad" : 15
      } ],
      "rachaMax" : [ {
        "value" : ""
      } ],
      "temperatura" : {
        "maxima" : 13,
        "minima" : 5,
        "dato" : [ ]
      },
      "sensTermica" : {
        "maxima" : 13,
        "minima" : 5,
        "dato" : [ ]
      },
      "humedadRelativa" : {
        "maxima" : 90,
        "minima" : 70,
        "dato" : [ ]
      },
      "fecha" : "2023-12-16T00:00:00"
    } ]
  },
  "id" : -32520,
  "version" : 1.0
} ]